{
  "model": "claude-opus-4-6",
  "mode": "row-only-nothinking",
  "all": {
    "medape": 7.727797001153405,
    "mae": 23.07146666666667,
    "within3": 39.55555555555556,
    "within5": 48.888888888888886,
    "medape_hi": 5.027932960893847,
    "medape_lo": 29.12498562722778,
    "bimodal_acc": 100.0,
    "bimodal_n": 11,
    "coverage": 81.52173913043478,
    "n": 225
  },
  "pct_only": {
    "medape": 7.6923076923076925,
    "mae": 8.166255924170615,
    "within3": 42.18009478672986,
    "within5": 52.13270142180095,
    "medape_hi": 4.166666666666666,
    "medape_lo": 29.12498562722778,
    "bimodal_acc": 100.0,
    "bimodal_n": 11,
    "coverage": 82.421875,
    "n": 211
  },
  "tokens": {
    "input": 37380,
    "output": 37304
  },
  "cost": 3.3585,
  "time": 355.96052598953247
}