{
  "holdout": {
    "seed": 42,
    "frac": 0.2,
    "n_cells": 275
  },
  "post_audit": {
    "LogitSVD Blend": {
      "medape": 5.811193822000726,
      "mae": 11.070695772239207,
      "within3": 40.72727272727273,
      "within5": 58.18181818181818,
      "medape_hi": 4.459008138267226,
      "medape_lo": 23.24468390447113,
      "bimodal_acc": 78.57142857142857,
      "bimodal_n": 14,
      "coverage": 100.0,
      "n": 275
    },
    "BenchReg": {
      "medape": 6.3517155442449456,
      "mae": 12.91732385727715,
      "within3": 37.66233766233766,
      "within5": 51.515151515151516,
      "medape_hi": 4.043595377350914,
      "medape_lo": 21.079849610069378,
      "bimodal_acc": 100.0,
      "bimodal_n": 9,
      "coverage": 84.0,
      "n": 231
    }
  },
  "pre_audit_claude": {
    "full_matrix": {
      "medape": 5.333008315051055,
      "mae": 17.510688405797104,
      "within3": 48.91304347826087,
      "within5": 62.31884057971014,
      "medape_hi": 3.3018867924528266,
      "medape_lo": 24.0,
      "bimodal_acc": 89.47368421052632,
      "bimodal_n": 19,
      "coverage": 100.0,
      "n": 276
    },
    "row_only": {
      "medape": 6.579883687328419,
      "mae": 21.616847826086957,
      "within3": 40.94202898550724,
      "within5": 54.710144927536234,
      "medape_hi": 4.060913705583756,
      "medape_lo": 20.0,
      "bimodal_acc": 78.94736842105263,
      "bimodal_n": 19,
      "coverage": 100.0,
      "n": 276
    }
  },
  "note": "Claude predictions are from pre-audit matrix. Statistical methods re-run on post-audit matrix."
}