{
  "holdout": {
    "claude": {
      "medape": 6.077348066298343,
      "mae": 12.288618181818181,
      "within3": 41.45454545454545,
      "within5": 56.36363636363636,
      "medape_hi": 4.444444444444445,
      "medape_lo": 19.375,
      "bimodal_acc": 92.85714285714286,
      "bimodal_n": 14,
      "coverage": 100.0,
      "n": 275,
      "time": 372.73040103912354,
      "tokens": {
        "input_tokens": 100796,
        "output_tokens": 36971
      },
      "est_cost": 0.856953
    },
    "baselines": {
      "Benchmark Mean": {
        "medape": 11.911709967989314,
        "mae": 19.77211879485596,
        "within3": 12.727272727272727,
        "within5": 25.454545454545453,
        "medape_hi": 8.802646916836414,
        "medape_lo": 46.15962753227397,
        "bimodal_acc": 42.857142857142854,
        "bimodal_n": 14,
        "coverage": 100.0,
        "n": 275
      },
      "BenchReg": {
        "medape": 6.3517155442449456,
        "mae": 12.91732385727715,
        "within3": 37.66233766233766,
        "within5": 51.515151515151516,
        "medape_hi": 4.043595377350914,
        "medape_lo": 21.079849610069378,
        "bimodal_acc": 100.0,
        "bimodal_n": 9,
        "coverage": 84.0,
        "n": 231
      },
      "LogitSVD Blend": {
        "medape": 5.811193822000726,
        "mae": 11.070695772239207,
        "within3": 40.72727272727273,
        "within5": 58.18181818181818,
        "medape_hi": 4.459008138267226,
        "medape_lo": 23.24468390447113,
        "bimodal_acc": 78.57142857142857,
        "bimodal_n": 14,
        "coverage": 100.0,
        "n": 275
      }
    }
  },
  "model": "claude-sonnet-4-5-20250929"
}