{
  "model": "claude-opus-4-6",
  "mode": "row-only",
  "all": {
    "medape": 9.014675052410896,
    "mae": 20.54030303030303,
    "within3": 33.939393939393945,
    "within5": 46.06060606060606,
    "medape_hi": 5.496003208956713,
    "medape_lo": 25.71428571428571,
    "bimodal_acc": 88.88888888888889,
    "bimodal_n": 9,
    "coverage": 59.78260869565217,
    "n": 165
  },
  "pct_only": {
    "medape": 9.090909090909092,
    "mae": 8.073355263157893,
    "within3": 36.84210526315789,
    "within5": 50.0,
    "medape_hi": 5.482041587901699,
    "medape_lo": 25.71428571428571,
    "bimodal_acc": 88.88888888888889,
    "bimodal_n": 9,
    "coverage": 59.375,
    "n": 152
  },
  "tokens": {
    "input": 37516,
    "output": 196375
  },
  "cost": 15.290865,
  "time": 2551.9007959365845
}