{
  "model": "claude-sonnet-4-5-20250929",
  "holdout": {
    "seed": 42,
    "frac": 0.2,
    "n_cells": 276,
    "n_pct": 256,
    "n_nonpct": 20
  },
  "full_matrix": {
    "all": {
      "medape": 5.333008315051055,
      "mae": 17.510688405797104,
      "within3": 48.91304347826087,
      "within5": 62.31884057971014,
      "medape_hi": 3.3018867924528266,
      "medape_lo": 24.0,
      "bimodal_acc": 89.47368421052632,
      "bimodal_n": 19,
      "coverage": 100.0,
      "n": 276
    },
    "tokens": {
      "input_tokens": 98795,
      "output_tokens": 36538
    },
    "cost": 0.844455,
    "time": 367.8203179836273
  },
  "row_only": {
    "all": {
      "medape": 6.579883687328419,
      "mae": 21.616847826086957,
      "within3": 40.94202898550724,
      "within5": 54.710144927536234,
      "medape_hi": 4.060913705583756,
      "medape_lo": 20.0,
      "bimodal_acc": 78.94736842105263,
      "bimodal_n": 19,
      "coverage": 100.0,
      "n": 276
    },
    "tokens": {
      "input_tokens": 37372,
      "output_tokens": 37165
    },
    "cost": 0.669591,
    "time": 377.9153468608856
  },
  "baselines": {
    "LogitSVD Blend": {
      "medape": 5.835357446969605,
      "mae": 18.361036486631377,
      "within3": 42.028985507246375,
      "within5": 57.2463768115942,
      "medape_hi": 3.996009844134416,
      "medape_lo": 22.562226446500794,
      "bimodal_acc": 89.47368421052632,
      "bimodal_n": 19,
      "coverage": 100.0,
      "n": 276
    },
    "BenchReg": {
      "medape": 6.466280502771986,
      "mae": 23.3020793535933,
      "within3": 38.01652892561984,
      "within5": 53.30578512396694,
      "medape_hi": 4.7366883948981515,
      "medape_lo": 25.556005643167186,
      "bimodal_acc": 94.44444444444444,
      "bimodal_n": 18,
      "coverage": 87.68115942028986,
      "n": 242
    },
    "Benchmark Mean": {
      "medape": 12.303055947091014,
      "mae": 33.429175714346,
      "within3": 15.942028985507244,
      "within5": 26.08695652173913,
      "medape_hi": 8.624141876430203,
      "medape_lo": 53.572190232458915,
      "bimodal_acc": 68.42105263157895,
      "bimodal_n": 19,
      "coverage": 100.0,
      "n": 276
    }
  }
}