{
  "claude-sonnet-4.6": {
    "0": {
      "algo_mean": 10.483084970287642,
      "algo_std": 0.0,
      "claude_mean": 4.3500000000000005,
      "claude_std": 0.9721111047611792
    },
    "1": {
      "algo_mean": 4.298739279418761,
      "algo_std": 0.0,
      "claude_mean": 4.033333333333334,
      "claude_std": 0.04714045207910384
    },
    "2": {
      "algo_mean": 6.705541373699128,
      "algo_std": 2.745142989963163,
      "claude_mean": 4.033333333333334,
      "claude_std": 1.8263503375736974
    },
    "3": {
      "algo_mean": 7.357017440035565,
      "algo_std": 3.154037173078686,
      "claude_mean": 5.5,
      "claude_std": 2.5495097567963922
    },
    "5": {
      "algo_mean": 4.781614432102849,
      "algo_std": 1.4372766401400057,
      "claude_mean": 5.599999999999999,
      "claude_std": 1.6990193249832883
    },
    "7": {
      "algo_mean": 3.5846956413323503,
      "algo_std": 0.6714245674528792,
      "claude_mean": 4.599999999999999,
      "claude_std": 1.4445299120013637
    },
    "10": {
      "algo_mean": 3.571648993756915,
      "algo_std": 0.3853278239176335,
      "claude_mean": 4.449999999999999,
      "claude_std": 0.5338539126015655
    },
    "15": {
      "algo_mean": 3.7068883481173933,
      "algo_std": 1.201734019269542,
      "claude_mean": 5.5,
      "claude_std": 0.7071067811865476
    }
  },
  "gemini-3.1-pro": {
    "0": {
      "algo_mean": 16.82600931871293,
      "algo_std": 0.0,
      "claude_mean": 2.4666666666666637,
      "claude_std": 0.5185449728701388
    },
    "1": {
      "algo_mean": 12.01854634021874,
      "algo_std": 5.371280739773602,
      "claude_mean": 2.933333333333328,
      "claude_std": 0.6236095644623235
    },
    "2": {
      "algo_mean": 7.20923163789887,
      "algo_std": 5.543347683814295,
      "claude_mean": 3.1833333333333322,
      "claude_std": 0.5328122454381916
    },
    "3": {
      "algo_mean": 4.929095937346079,
      "algo_std": 1.712790693523948,
      "claude_mean": 3.6666666666666665,
      "claude_std": 0.23570226039551584
    },
    "5": {
      "algo_mean": 4.897011772832997,
      "algo_std": 1.9126200824527122,
      "claude_mean": 4.666666666666664,
      "claude_std": 0.7930251502246903
    },
    "7": {
      "algo_mean": 3.6817905830018467,
      "algo_std": 1.0441018079665816,
      "claude_mean": 4.933333333333327,
      "claude_std": 1.9293061504650375
    },
    "10": {
      "algo_mean": 2.725436338246897,
      "algo_std": 0.24796601324199705,
      "claude_mean": 4.199999999999998,
      "claude_std": 0.7449832212875686
    },
    "15": {
      "algo_mean": 2.3930612922587997,
      "algo_std": 0.6150151602172899,
      "claude_mean": 4.699999999999998,
      "claude_std": 0.4242640687119312
    }
  }
}