{
  "post_audit": {
    "MedAPE": 7.247637285780639,
    "MAE": 4.707126495595631,
    "Within_3": 36.471193415637856,
    "Within_5": 51.697530864197525,
    "BimodalAcc": 94.20289855072464,
    "Coverage": 99.6923076923077,
    "N": 1944
  },
  "n_seeds": 3,
  "method": "logit_svd_blend"
}